{
  "id": "3562054",
  "name": "no name",
  "font_family": "iconfont",
  "css_prefix_text": "icon-",
  "description": "",
  "glyphs": [
    {
      "icon_id": "15838431",
      "name": "arrow-right",
      "font_class": "arrow-right",
      "unicode": "e665",
      "unicode_decimal": 58981
    },
    {
      "icon_id": "5222604",
      "name": "监控",
      "font_class": "jiankong",
      "unicode": "e615",
      "unicode_decimal": 58901
    },
    {
      "icon_id": "6151292",
      "name": "minus",
      "font_class": "minus",
      "unicode": "e828",
      "unicode_decimal": 59432
    },
    {
      "icon_id": "15838563",
      "name": "close-bold",
      "font_class": "close-bold",
      "unicode": "e685",
      "unicode_decimal": 59013
    },
    {
      "icon_id": "16545457",
      "name": "btn_max",
      "font_class": "btn_max",
      "unicode": "e61f",
      "unicode_decimal": 58911
    },
    {
      "icon_id": "11488026",
      "name": "double-arro- right",
      "font_class": "double-arro-right",
      "unicode": "e74c",
      "unicode_decimal": 59212
    },
    {
      "icon_id": "11488028",
      "name": "double-arrow-left",
      "font_class": "double-arrow-left",
      "unicode": "e74d",
      "unicode_decimal": 59213
    },
    {
      "icon_id": "11487982",
      "name": "arrow-up",
      "font_class": "arrow-up",
      "unicode": "e743",
      "unicode_decimal": 59203
    },
    {
      "icon_id": "11488039",
      "name": "falling",
      "font_class": "falling",
      "unicode": "e750",
      "unicode_decimal": 59216
    },
    {
      "icon_id": "11488114",
      "name": "rising",
      "font_class": "rising",
      "unicode": "e761",
      "unicode_decimal": 59233
    },
    {
      "icon_id": "11488146",
      "name": "suspended",
      "font_class": "suspended",
      "unicode": "e768",
      "unicode_decimal": 59240
    },
    {
      "icon_id": "12011691",
      "name": "arrow-down",
      "font_class": "arrow-down",
      "unicode": "e7b2",
      "unicode_decimal": 59314
    }
  ]
}
